id,"created_at","updated_at","image","comment",user_id,likes_count,search_id,"continent","subcontinent","country","city",map_id
1,"2017-05-18 23:02:45","2017-05-18 23:02:45","images.jpg",NULL,1,NULL,10367,"142","142","JP","1009241",31010
2,"2017-05-18 23:02:46","2017-05-18 23:02:46","images.jpg",NULL,1,NULL,10367,"142","142","JP","1009241",31010
3,"2017-05-18 23:02:48","2017-05-18 23:02:48","images.jpg",NULL,1,NULL,10367,"142","142","JP","1009241",31010
4,"2017-05-18 23:02:50","2017-05-18 23:02:50","images.jpg",NULL,1,NULL,10367,"142","142","JP","1009241",31010
5,"2017-05-18 23:02:52","2017-05-18 23:02:52","images.jpg",NULL,1,NULL,10368,"142","142","JP","1009306",32094
6,"2017-05-18 23:02:53","2017-05-18 23:02:53","images.jpg",NULL,1,NULL,10368,"142","142","JP","1009306",32094
7,"2017-05-18 23:02:55","2017-05-18 23:02:55","images.jpg",NULL,1,NULL,10368,"142","142","JP","1009306",32094
8,"2017-05-18 23:02:57","2017-05-18 23:02:57","images.jpg",NULL,1,NULL,10368,"142","142","JP","1009306",32094
9,"2017-05-18 23:02:59","2017-05-18 23:02:59","images.jpg",NULL,1,NULL,10369,"142","142","JP","1009749",30026
10,"2017-05-18 23:03:00","2017-05-18 23:03:00","images.jpg",NULL,1,NULL,10369,"142","142","JP","1009749",30026
11,"2017-05-18 23:03:02","2017-05-18 23:03:02","images.jpg",NULL,1,NULL,10369,"142","142","JP","1009749",30026
12,"2017-05-18 23:03:03","2017-05-18 23:03:03","images.jpg",NULL,1,NULL,10369,"142","142","JP","1009749",30026
13,"2017-05-18 23:03:05","2017-05-18 23:03:05","images.jpg",NULL,1,NULL,10370,"142","142","JP","1009665",31886
14,"2017-05-18 23:03:06","2017-05-18 23:03:06","images.jpg",NULL,1,NULL,10370,"142","142","JP","1009665",31886
15,"2017-05-18 23:03:08","2017-05-18 23:03:08","images.jpg",NULL,1,NULL,10370,"142","142","JP","1009665",31886
16,"2017-05-18 23:03:10","2017-05-18 23:03:10","images.jpg",NULL,1,NULL,10370,"142","142","JP","1009665",31886
17,"2017-05-18 23:03:12","2017-05-18 23:03:12","images.jpg",NULL,1,NULL,10371,"142","142","JP","1009094",31159
18,"2017-05-18 23:03:13","2017-05-18 23:03:13","images.jpg",NULL,1,NULL,10371,"142","142","JP","1009094",31159
19,"2017-05-18 23:03:15","2017-05-18 23:03:15","images.jpg",NULL,1,NULL,10371,"142","142","JP","1009094",31159
20,"2017-05-18 23:03:17","2017-05-18 23:03:17","images.jpg",NULL,1,NULL,10371,"142","142","JP","1009094",31159
21,"2017-05-18 23:03:19","2017-05-18 23:03:19","images.jpg",NULL,1,NULL,10372,"142","142","JP","1009079",28604
22,"2017-05-18 23:03:21","2017-05-18 23:03:21","images.jpg",NULL,1,NULL,10372,"142","142","JP","1009079",28604
23,"2017-05-18 23:03:22","2017-05-18 23:03:22","images.jpg",NULL,1,NULL,10372,"142","142","JP","1009079",28604
24,"2017-05-18 23:03:24","2017-05-18 23:03:24","images.jpg",NULL,1,NULL,10372,"142","142","JP","1009079",28604
25,"2017-05-18 23:03:26","2017-05-18 23:03:26","images.jpg",NULL,1,NULL,10373,"142","142","JP","1009282",32980
26,"2017-05-18 23:03:27","2017-05-18 23:03:27","images.jpg",NULL,1,NULL,10373,"142","142","JP","1009282",32980
27,"2017-05-18 23:03:28","2017-05-18 23:03:28","images.jpg",NULL,1,NULL,10373,"142","142","JP","1009282",32980
28,"2017-05-18 23:03:30","2017-05-18 23:03:30","images.jpg",NULL,1,NULL,10373,"142","142","JP","1009282",32980
29,"2017-05-18 23:03:32","2017-05-18 23:03:32","images.jpg",NULL,1,NULL,10374,"142","142","JP","1009238",29657
30,"2017-05-18 23:03:33","2017-05-18 23:03:33","images.jpg",NULL,1,NULL,10374,"142","142","JP","1009238",29657
31,"2017-05-18 23:03:35","2017-05-18 23:03:35","images.jpg",NULL,1,NULL,10374,"142","142","JP","1009238",29657
32,"2017-05-18 23:03:36","2017-05-18 23:03:36","images.jpg",NULL,1,NULL,10374,"142","142","JP","1009238",29657
33,"2017-05-18 23:03:39","2017-05-18 23:03:39","images.jpg",NULL,1,NULL,10375,"142","142","JP","1009342",33831
34,"2017-05-18 23:03:40","2017-05-18 23:03:40","images.jpg",NULL,1,NULL,10375,"142","142","JP","1009342",33831
35,"2017-05-18 23:03:42","2017-05-18 23:03:42","images.jpg",NULL,1,NULL,10375,"142","142","JP","1009342",33831
36,"2017-05-18 23:03:44","2017-05-18 23:03:44","images.jpg",NULL,1,NULL,10375,"142","142","JP","1009342",33831
37,"2017-05-18 23:03:46","2017-05-18 23:03:46","images.jpg",NULL,1,NULL,10376,"142","142","JP","1009396",26784
38,"2017-05-18 23:03:48","2017-05-18 23:03:48","images.jpg",NULL,1,NULL,10376,"142","142","JP","1009396",26784
39,"2017-05-18 23:03:49","2017-05-18 23:03:49","images.jpg",NULL,1,NULL,10376,"142","142","JP","1009396",26784
40,"2017-05-18 23:03:51","2017-05-18 23:03:51","images.jpg",NULL,1,NULL,10376,"142","142","JP","1009396",26784
41,"2017-05-18 23:03:53","2017-05-18 23:03:53","images.jpg",NULL,1,NULL,10377,"142","142","JP","1009733",26176
42,"2017-05-18 23:03:55","2017-05-18 23:03:55","images.jpg",NULL,1,NULL,10377,"142","142","JP","1009733",26176
43,"2017-05-18 23:03:56","2017-05-18 23:03:56","images.jpg",NULL,1,NULL,10377,"142","142","JP","1009733",26176
44,"2017-05-18 23:03:58","2017-05-18 23:03:58","images.jpg",NULL,1,NULL,10377,"142","142","JP","1009733",26176
45,"2017-05-18 23:04:00","2017-05-18 23:04:00","images.jpg",NULL,1,NULL,10378,"142","142","JP","1009030",31453
46,"2017-05-18 23:04:01","2017-05-18 23:04:01","images.jpg",NULL,1,NULL,10378,"142","142","JP","1009030",31453
47,"2017-05-18 23:04:03","2017-05-18 23:04:03","images.jpg",NULL,1,NULL,10378,"142","142","JP","1009030",31453
48,"2017-05-18 23:04:04","2017-05-18 23:04:04","images.jpg",NULL,1,NULL,10378,"142","142","JP","1009030",31453
49,"2017-05-18 23:04:06","2017-05-18 23:04:06","images.jpg",NULL,1,NULL,10379,"142","142","JP","1009157",32628
50,"2017-05-18 23:04:07","2017-05-18 23:04:07","images.jpg",NULL,1,NULL,10379,"142","142","JP","1009157",32628
51,"2017-05-18 23:04:09","2017-05-18 23:04:09","images.jpg",NULL,1,NULL,10379,"142","142","JP","1009157",32628
52,"2017-05-18 23:04:10","2017-05-18 23:04:10","images.jpg",NULL,1,NULL,10379,"142","142","JP","1009157",32628
53,"2017-05-18 23:04:12","2017-05-18 23:04:12","images.jpg",NULL,1,NULL,10380,"142","142","JP","9053391",24927
54,"2017-05-18 23:04:14","2017-05-18 23:04:14","images.jpg",NULL,1,NULL,10380,"142","142","JP","9053391",24927
55,"2017-05-18 23:04:17","2017-05-18 23:04:17","images.jpg",NULL,1,NULL,10380,"142","142","JP","9053391",24927
56,"2017-05-18 23:04:19","2017-05-18 23:04:19","images.jpg",NULL,1,NULL,10380,"142","142","JP","9053391",24927
57,"2017-05-18 23:04:21","2017-05-18 23:04:21","images.jpg",NULL,1,NULL,10381,"142","142","JP","1009524",35258
58,"2017-05-18 23:04:23","2017-05-18 23:04:23","images.jpg",NULL,1,NULL,10381,"142","142","JP","1009524",35258
59,"2017-05-18 23:04:24","2017-05-18 23:04:24","images.jpg",NULL,1,NULL,10381,"142","142","JP","1009524",35258
60,"2017-05-18 23:04:26","2017-05-18 23:04:26","images.jpg",NULL,1,NULL,10381,"142","142","JP","1009524",35258
61,"2017-05-18 23:04:28","2017-05-18 23:04:28","images.jpg",NULL,1,NULL,10382,"142","142","JP","1009176",28736
62,"2017-05-18 23:04:30","2017-05-18 23:04:30","images.jpg",NULL,1,NULL,10382,"142","142","JP","1009176",28736
63,"2017-05-18 23:04:31","2017-05-18 23:04:31","images.jpg",NULL,1,NULL,10382,"142","142","JP","1009176",28736
64,"2017-05-18 23:04:33","2017-05-18 23:04:33","images.jpg",NULL,1,NULL,10382,"142","142","JP","1009176",28736
65,"2017-05-18 23:04:35","2017-05-18 23:04:35","images.jpg",NULL,1,NULL,10383,"142","142","JP","1009098",33301
66,"2017-05-18 23:04:36","2017-05-18 23:04:36","images.jpg",NULL,1,NULL,10383,"142","142","JP","1009098",33301
67,"2017-05-18 23:04:39","2017-05-18 23:04:39","images.jpg",NULL,1,NULL,10383,"142","142","JP","1009098",33301
68,"2017-05-18 23:04:40","2017-05-18 23:04:40","images.jpg",NULL,1,NULL,10383,"142","142","JP","1009098",33301
69,"2017-05-18 23:04:42","2017-05-18 23:04:42","images.jpg",NULL,1,NULL,10384,"142","142","JP","1009073",34448
70,"2017-05-18 23:04:43","2017-05-18 23:04:43","images.jpg",NULL,1,NULL,10384,"142","142","JP","1009073",34448
71,"2017-05-18 23:04:45","2017-05-18 23:04:45","images.jpg",NULL,1,NULL,10384,"142","142","JP","1009073",34448
72,"2017-05-18 23:04:46","2017-05-18 23:04:46","images.jpg",NULL,1,NULL,10384,"142","142","JP","1009073",34448
73,"2017-05-18 23:04:49","2017-05-18 23:04:49","images.jpg",NULL,1,NULL,10385,"142","142","JP","1009303",30151
74,"2017-05-18 23:04:50","2017-05-18 23:04:50","images.jpg",NULL,1,NULL,10385,"142","142","JP","1009303",30151
75,"2017-05-18 23:04:52","2017-05-18 23:04:52","images.jpg",NULL,1,NULL,10385,"142","142","JP","1009303",30151
76,"2017-05-18 23:04:53","2017-05-18 23:04:53","images.jpg",NULL,1,NULL,10385,"142","142","JP","1009303",30151
77,"2017-05-18 23:04:55","2017-05-18 23:04:55","images.jpg",NULL,1,NULL,10386,"142","142","JP","1009327",28985
78,"2017-05-18 23:04:57","2017-05-18 23:04:57","images.jpg",NULL,1,NULL,10386,"142","142","JP","1009327",28985
79,"2017-05-18 23:04:58","2017-05-18 23:04:58","images.jpg",NULL,1,NULL,10386,"142","142","JP","1009327",28985
80,"2017-05-18 23:04:59","2017-05-18 23:04:59","images.jpg",NULL,1,NULL,10386,"142","142","JP","1009327",28985
81,"2017-05-18 23:05:02","2017-05-18 23:05:02","images.jpg",NULL,1,NULL,3349,"142","142","CN","1003601",27647
82,"2017-05-18 23:05:03","2017-05-18 23:05:03","images.jpg",NULL,1,NULL,3349,"142","142","CN","1003601",27647
83,"2017-05-18 23:05:05","2017-05-18 23:05:05","images.jpg",NULL,1,NULL,3349,"142","142","CN","1003601",27647
84,"2017-05-18 23:05:06","2017-05-18 23:05:06","images.jpg",NULL,1,NULL,3349,"142","142","CN","1003601",27647
85,"2017-05-18 23:05:08","2017-05-18 23:05:08","images.jpg",NULL,1,NULL,3350,"142","142","CN","1032158",18429
86,"2017-05-18 23:05:09","2017-05-18 23:05:09","images.jpg",NULL,1,NULL,3350,"142","142","CN","1032158",18429
87,"2017-05-18 23:05:11","2017-05-18 23:05:11","images.jpg",NULL,1,NULL,3350,"142","142","CN","1032158",18429
88,"2017-05-18 23:05:12","2017-05-18 23:05:12","images.jpg",NULL,1,NULL,3350,"142","142","CN","1032158",18429
89,"2017-05-18 23:05:14","2017-05-18 23:05:14","images.jpg",NULL,1,NULL,3351,"142","142","CN","1003469",28130
90,"2017-05-18 23:05:15","2017-05-18 23:05:15","images.jpg",NULL,1,NULL,3351,"142","142","CN","1003469",28130
91,"2017-05-18 23:05:17","2017-05-18 23:05:17","images.jpg",NULL,1,NULL,3351,"142","142","CN","1003469",28130
92,"2017-05-18 23:05:18","2017-05-18 23:05:18","images.jpg",NULL,1,NULL,3351,"142","142","CN","1003469",28130
93,"2017-05-18 23:05:20","2017-05-18 23:05:20","images.jpg",NULL,1,NULL,3352,"142","142","CN","1032180",18451
94,"2017-05-18 23:05:22","2017-05-18 23:05:22","images.jpg",NULL,1,NULL,3352,"142","142","CN","1032180",18451
95,"2017-05-18 23:05:23","2017-05-18 23:05:23","images.jpg",NULL,1,NULL,3352,"142","142","CN","1032180",18451
96,"2017-05-18 23:05:25","2017-05-18 23:05:25","images.jpg",NULL,1,NULL,3352,"142","142","CN","1032180",18451
97,"2017-05-18 23:05:26","2017-05-18 23:05:26","images.jpg",NULL,1,NULL,3353,"142","142","CN","1003555",27914
98,"2017-05-18 23:05:28","2017-05-18 23:05:28","images.jpg",NULL,1,NULL,3353,"142","142","CN","1003555",27914
99,"2017-05-18 23:05:30","2017-05-18 23:05:30","images.jpg",NULL,1,NULL,3353,"142","142","CN","1003555",27914
100,"2017-05-18 23:05:31","2017-05-18 23:05:31","images.jpg",NULL,1,NULL,3353,"142","142","CN","1003555",27914
101,"2017-05-18 23:05:33","2017-05-18 23:05:33","images.jpg",NULL,1,NULL,3354,"142","142","CN","1003521",32332
102,"2017-05-18 23:05:34","2017-05-18 23:05:34","images.jpg",NULL,1,NULL,3354,"142","142","CN","1003521",32332
103,"2017-05-18 23:05:36","2017-05-18 23:05:36","images.jpg",NULL,1,NULL,3354,"142","142","CN","1003521",32332
104,"2017-05-18 23:05:37","2017-05-18 23:05:37","images.jpg",NULL,1,NULL,3354,"142","142","CN","1003521",32332
105,"2017-05-18 23:05:39","2017-05-18 23:05:39","images.jpg",NULL,1,NULL,3355,"142","142","CN","1032193",18464
106,"2017-05-18 23:05:41","2017-05-18 23:05:41","images.jpg",NULL,1,NULL,3355,"142","142","CN","1032193",18464
107,"2017-05-18 23:05:42","2017-05-18 23:05:42","images.jpg",NULL,1,NULL,3355,"142","142","CN","1032193",18464
108,"2017-05-18 23:05:44","2017-05-18 23:05:44","images.jpg",NULL,1,NULL,3355,"142","142","CN","1032193",18464
109,"2017-05-18 23:05:46","2017-05-18 23:05:46","images.jpg",NULL,1,NULL,3356,"142","142","CN","1003550",29771
110,"2017-05-18 23:05:47","2017-05-18 23:05:47","images.jpg",NULL,1,NULL,3356,"142","142","CN","1003550",29771
111,"2017-05-18 23:05:49","2017-05-18 23:05:49","images.jpg",NULL,1,NULL,3356,"142","142","CN","1003550",29771
112,"2017-05-18 23:05:52","2017-05-18 23:05:52","images.jpg",NULL,1,NULL,3356,"142","142","CN","1003550",29771
113,"2017-05-18 23:05:53","2017-05-18 23:05:53","images.jpg",NULL,1,NULL,3357,"142","142","CN","1003618",28982
114,"2017-05-18 23:05:56","2017-05-18 23:05:56","images.jpg",NULL,1,NULL,3357,"142","142","CN","1003618",28982
115,"2017-05-18 23:05:57","2017-05-18 23:05:57","images.jpg",NULL,1,NULL,3357,"142","142","CN","1003618",28982
116,"2017-05-18 23:05:59","2017-05-18 23:05:59","images.jpg",NULL,1,NULL,3357,"142","142","CN","1003618",28982
117,"2017-05-18 23:06:01","2017-05-18 23:06:01","images.jpg",NULL,1,NULL,3358,"142","142","CN","1003641",26385
118,"2017-05-18 23:06:03","2017-05-18 23:06:03","images.jpg",NULL,1,NULL,3358,"142","142","CN","1003641",26385
119,"2017-05-18 23:06:04","2017-05-18 23:06:04","images.jpg",NULL,1,NULL,3358,"142","142","CN","1003641",26385
120,"2017-05-18 23:06:06","2017-05-18 23:06:06","images.jpg",NULL,1,NULL,3358,"142","142","CN","1003641",26385
121,"2017-05-18 23:06:08","2017-05-18 23:06:08","images.jpg",NULL,1,NULL,3359,"142","142","CN","1003373",29822
122,"2017-05-18 23:06:09","2017-05-18 23:06:09","images.jpg",NULL,1,NULL,3359,"142","142","CN","1003373",29822
123,"2017-05-18 23:06:11","2017-05-18 23:06:11","images.jpg",NULL,1,NULL,3359,"142","142","CN","1003373",29822
124,"2017-05-18 23:06:12","2017-05-18 23:06:12","images.jpg",NULL,1,NULL,3359,"142","142","CN","1003373",29822
125,"2017-05-18 23:06:14","2017-05-18 23:06:14","images.jpg",NULL,1,NULL,3360,"142","142","CN","1032192",18463
126,"2017-05-18 23:06:15","2017-05-18 23:06:15","images.jpg",NULL,1,NULL,3360,"142","142","CN","1032192",18463
127,"2017-05-18 23:06:17","2017-05-18 23:06:17","images.jpg",NULL,1,NULL,3360,"142","142","CN","1032192",18463
128,"2017-05-18 23:06:19","2017-05-18 23:06:19","images.jpg",NULL,1,NULL,3360,"142","142","CN","1032192",18463
129,"2017-05-18 23:06:21","2017-05-18 23:06:21","images.jpg",NULL,1,NULL,3361,"142","142","CN","1003553",29173
130,"2017-05-18 23:06:22","2017-05-18 23:06:22","images.jpg",NULL,1,NULL,3361,"142","142","CN","1003553",29173
131,"2017-05-18 23:06:24","2017-05-18 23:06:24","images.jpg",NULL,1,NULL,3361,"142","142","CN","1003553",29173
132,"2017-05-18 23:06:25","2017-05-18 23:06:25","images.jpg",NULL,1,NULL,3361,"142","142","CN","1003553",29173
133,"2017-05-18 23:06:28","2017-05-18 23:06:28","images.jpg",NULL,1,NULL,3362,"142","142","CN","1003381",26584
134,"2017-05-18 23:06:29","2017-05-18 23:06:29","images.jpg",NULL,1,NULL,3362,"142","142","CN","1003381",26584
135,"2017-05-18 23:06:31","2017-05-18 23:06:31","images.jpg",NULL,1,NULL,3362,"142","142","CN","1003381",26584
136,"2017-05-18 23:06:32","2017-05-18 23:06:32","images.jpg",NULL,1,NULL,3362,"142","142","CN","1003381",26584
137,"2017-05-18 23:06:34","2017-05-18 23:06:34","images.jpg",NULL,1,NULL,3363,"142","142","CN","1003367",27330
138,"2017-05-18 23:06:36","2017-05-18 23:06:36","images.jpg",NULL,1,NULL,3363,"142","142","CN","1003367",27330
139,"2017-05-18 23:06:37","2017-05-18 23:06:37","images.jpg",NULL,1,NULL,3363,"142","142","CN","1003367",27330
140,"2017-05-18 23:06:39","2017-05-18 23:06:39","images.jpg",NULL,1,NULL,3363,"142","142","CN","1003367",27330
141,"2017-05-18 23:06:41","2017-05-18 23:06:41","images.jpg",NULL,1,NULL,3364,"142","142","CN","1032222",18493
142,"2017-05-18 23:06:43","2017-05-18 23:06:43","images.jpg",NULL,1,NULL,3364,"142","142","CN","1032222",18493
143,"2017-05-18 23:06:45","2017-05-18 23:06:45","images.jpg",NULL,1,NULL,3364,"142","142","CN","1032222",18493
144,"2017-05-18 23:06:46","2017-05-18 23:06:46","images.jpg",NULL,1,NULL,3364,"142","142","CN","1032222",18493
145,"2017-05-18 23:06:48","2017-05-18 23:06:48","images.jpg",NULL,1,NULL,3365,"142","142","CN","1003504",33065
146,"2017-05-18 23:06:50","2017-05-18 23:06:50","images.jpg",NULL,1,NULL,3365,"142","142","CN","1003504",33065
147,"2017-05-18 23:06:51","2017-05-18 23:06:51","images.jpg",NULL,1,NULL,3365,"142","142","CN","1003504",33065
148,"2017-05-18 23:06:53","2017-05-18 23:06:53","images.jpg",NULL,1,NULL,3365,"142","142","CN","1003504",33065
149,"2017-05-18 23:06:55","2017-05-18 23:06:55","images.jpg",NULL,1,NULL,3366,"142","142","CN","1003379",27807
150,"2017-05-18 23:06:56","2017-05-18 23:06:56","images.jpg",NULL,1,NULL,3366,"142","142","CN","1003379",27807
151,"2017-05-18 23:06:58","2017-05-18 23:06:58","images.jpg",NULL,1,NULL,3366,"142","142","CN","1003379",27807
152,"2017-05-18 23:07:00","2017-05-18 23:07:00","images.jpg",NULL,1,NULL,3366,"142","142","CN","1003379",27807
153,"2017-05-18 23:07:01","2017-05-18 23:07:01","images.jpg",NULL,1,NULL,3367,"142","142","CN","1003560",32764
154,"2017-05-18 23:07:03","2017-05-18 23:07:03","images.jpg",NULL,1,NULL,3367,"142","142","CN","1003560",32764
155,"2017-05-18 23:07:04","2017-05-18 23:07:04","images.jpg",NULL,1,NULL,3367,"142","142","CN","1003560",32764
156,"2017-05-18 23:07:06","2017-05-18 23:07:06","images.jpg",NULL,1,NULL,3367,"142","142","CN","1003560",32764
157,"2017-05-18 23:07:08","2017-05-18 23:07:08","images.jpg",NULL,1,NULL,3368,"142","142","CN","1003621",27717
158,"2017-05-18 23:07:09","2017-05-18 23:07:09","images.jpg",NULL,1,NULL,3368,"142","142","CN","1003621",27717
159,"2017-05-18 23:07:11","2017-05-18 23:07:11","images.jpg",NULL,1,NULL,3368,"142","142","CN","1003621",27717
160,"2017-05-18 23:07:13","2017-05-18 23:07:13","images.jpg",NULL,1,NULL,3368,"142","142","CN","1003621",27717
161,"2017-05-18 23:07:16","2017-05-18 23:07:16","images.jpg",NULL,1,NULL,8781,"142","142","IN","9040208",18828
162,"2017-05-18 23:07:17","2017-05-18 23:07:17","images.jpg",NULL,1,NULL,8781,"142","142","IN","9040208",18828
163,"2017-05-18 23:07:18","2017-05-18 23:07:18","images.jpg",NULL,1,NULL,8781,"142","142","IN","9040208",18828
164,"2017-05-18 23:07:20","2017-05-18 23:07:20","images.jpg",NULL,1,NULL,8781,"142","142","IN","9040208",18828
165,"2017-05-18 23:07:23","2017-05-18 23:07:23","images.jpg",NULL,1,NULL,8782,"142","142","IN","9040225",18845
166,"2017-05-18 23:07:25","2017-05-18 23:07:25","images.jpg",NULL,1,NULL,8782,"142","142","IN","9040225",18845
167,"2017-05-18 23:07:26","2017-05-18 23:07:26","images.jpg",NULL,1,NULL,8782,"142","142","IN","9040225",18845
168,"2017-05-18 23:07:28","2017-05-18 23:07:28","images.jpg",NULL,1,NULL,8782,"142","142","IN","9040225",18845
169,"2017-05-18 23:07:30","2017-05-18 23:07:30","images.jpg",NULL,1,NULL,8783,"142","142","IN","1007821",34005
170,"2017-05-18 23:07:31","2017-05-18 23:07:31","images.jpg",NULL,1,NULL,8783,"142","142","IN","1007821",34005
171,"2017-05-18 23:07:33","2017-05-18 23:07:33","images.jpg",NULL,1,NULL,8783,"142","142","IN","1007821",34005
172,"2017-05-18 23:07:34","2017-05-18 23:07:34","images.jpg",NULL,1,NULL,8783,"142","142","IN","1007821",34005
173,"2017-05-18 23:07:36","2017-05-18 23:07:36","images.jpg",NULL,1,NULL,8784,"142","142","IN","9040199",18821
174,"2017-05-18 23:07:38","2017-05-18 23:07:38","images.jpg",NULL,1,NULL,8784,"142","142","IN","9040199",18821
175,"2017-05-18 23:07:39","2017-05-18 23:07:39","images.jpg",NULL,1,NULL,8784,"142","142","IN","9040199",18821
176,"2017-05-18 23:07:40","2017-05-18 23:07:40","images.jpg",NULL,1,NULL,8784,"142","142","IN","9040199",18821
177,"2017-05-18 23:07:59","2017-05-18 23:07:59","images.jpg",NULL,1,NULL,8785,"142","142","IN","9050497",22044
178,"2017-05-18 23:08:01","2017-05-18 23:08:01","images.jpg",NULL,1,NULL,8785,"142","142","IN","9050497",22044
179,"2017-05-18 23:08:03","2017-05-18 23:08:03","images.jpg",NULL,1,NULL,8785,"142","142","IN","9050497",22044
180,"2017-05-18 23:08:04","2017-05-18 23:08:04","images.jpg",NULL,1,NULL,8785,"142","142","IN","9050497",22044
181,"2017-05-18 23:08:06","2017-05-18 23:08:06","images.jpg",NULL,1,NULL,8786,"142","142","IN","9040202",18824
182,"2017-05-18 23:08:08","2017-05-18 23:08:08","images.jpg",NULL,1,NULL,8786,"142","142","IN","9040202",18824
183,"2017-05-18 23:08:09","2017-05-18 23:08:09","images.jpg",NULL,1,NULL,8786,"142","142","IN","9040202",18824
184,"2017-05-18 23:08:11","2017-05-18 23:08:11","images.jpg",NULL,1,NULL,8786,"142","142","IN","9040202",18824
185,"2017-05-18 23:08:14","2017-05-18 23:08:14","images.jpg",NULL,1,NULL,8787,"142","142","IN","1007810",34004
186,"2017-05-18 23:08:15","2017-05-18 23:08:15","images.jpg",NULL,1,NULL,8787,"142","142","IN","1007810",34004
187,"2017-05-18 23:08:17","2017-05-18 23:08:17","images.jpg",NULL,1,NULL,8787,"142","142","IN","1007810",34004
188,"2017-05-18 23:08:18","2017-05-18 23:08:18","images.jpg",NULL,1,NULL,8787,"142","142","IN","1007810",34004
189,"2017-05-18 23:08:20","2017-05-18 23:08:20","images.jpg",NULL,1,NULL,8788,"142","142","IN","1007773",30159
190,"2017-05-18 23:08:22","2017-05-18 23:08:22","images.jpg",NULL,1,NULL,8788,"142","142","IN","1007773",30159
191,"2017-05-18 23:08:24","2017-05-18 23:08:24","images.jpg",NULL,1,NULL,8788,"142","142","IN","1007773",30159
192,"2017-05-18 23:08:25","2017-05-18 23:08:25","images.jpg",NULL,1,NULL,8788,"142","142","IN","1007773",30159
193,"2017-05-18 23:08:28","2017-05-18 23:08:28","images.jpg",NULL,1,NULL,8789,"142","142","IN","1007815",31857
194,"2017-05-18 23:08:29","2017-05-18 23:08:29","images.jpg",NULL,1,NULL,8789,"142","142","IN","1007815",31857
195,"2017-05-18 23:08:31","2017-05-18 23:08:31","images.jpg",NULL,1,NULL,8789,"142","142","IN","1007815",31857
196,"2017-05-18 23:08:33","2017-05-18 23:08:33","images.jpg",NULL,1,NULL,8789,"142","142","IN","1007815",31857
197,"2017-05-18 23:08:34","2017-05-18 23:08:34","images.jpg",NULL,1,NULL,8790,"142","142","IN","9040198",18820
198,"2017-05-18 23:08:36","2017-05-18 23:08:36","images.jpg",NULL,1,NULL,8790,"142","142","IN","9040198",18820
199,"2017-05-18 23:08:37","2017-05-18 23:08:37","images.jpg",NULL,1,NULL,8790,"142","142","IN","9040198",18820
200,"2017-05-18 23:08:39","2017-05-18 23:08:39","images.jpg",NULL,1,NULL,8790,"142","142","IN","9040198",18820
201,"2017-05-18 23:08:41","2017-05-18 23:08:41","images.jpg",NULL,1,NULL,8791,"142","142","IN","9040215",18835
202,"2017-05-18 23:08:42","2017-05-18 23:08:42","images.jpg",NULL,1,NULL,8791,"142","142","IN","9040215",18835
203,"2017-05-18 23:08:44","2017-05-18 23:08:44","images.jpg",NULL,1,NULL,8791,"142","142","IN","9040215",18835
204,"2017-05-18 23:08:45","2017-05-18 23:08:45","images.jpg",NULL,1,NULL,8791,"142","142","IN","9040215",18835
205,"2017-05-18 23:08:48","2017-05-18 23:08:48","images.jpg",NULL,1,NULL,8792,"142","142","IN","9040205",18827
206,"2017-05-18 23:08:49","2017-05-18 23:08:49","images.jpg",NULL,1,NULL,8792,"142","142","IN","9040205",18827
207,"2017-05-18 23:08:51","2017-05-18 23:08:51","images.jpg",NULL,1,NULL,8792,"142","142","IN","9040205",18827
208,"2017-05-18 23:08:52","2017-05-18 23:08:52","images.jpg",NULL,1,NULL,8792,"142","142","IN","9040205",18827
209,"2017-05-18 23:08:55","2017-05-18 23:08:55","images.jpg",NULL,1,NULL,8793,"142","142","IN","9040229",18849
210,"2017-05-18 23:08:56","2017-05-18 23:08:56","images.jpg",NULL,1,NULL,8793,"142","142","IN","9040229",18849
211,"2017-05-18 23:08:58","2017-05-18 23:08:58","images.jpg",NULL,1,NULL,8793,"142","142","IN","9040229",18849
212,"2017-05-18 23:09:00","2017-05-18 23:09:00","images.jpg",NULL,1,NULL,8793,"142","142","IN","9040229",18849
213,"2017-05-18 23:09:03","2017-05-18 23:09:03","images.jpg",NULL,1,NULL,8794,"142","142","IN","9040209",18829
214,"2017-05-18 23:09:05","2017-05-18 23:09:05","images.jpg",NULL,1,NULL,8794,"142","142","IN","9040209",18829
215,"2017-05-18 23:09:06","2017-05-18 23:09:06","images.jpg",NULL,1,NULL,8794,"142","142","IN","9040209",18829
216,"2017-05-18 23:09:08","2017-05-18 23:09:08","images.jpg",NULL,1,NULL,8794,"142","142","IN","9040209",18829
217,"2017-05-18 23:09:10","2017-05-18 23:09:10","images.jpg",NULL,1,NULL,8795,"142","142","IN","9040244",18864
218,"2017-05-18 23:09:13","2017-05-18 23:09:13","images.jpg",NULL,1,NULL,8795,"142","142","IN","9040244",18864
219,"2017-05-18 23:09:14","2017-05-18 23:09:14","images.jpg",NULL,1,NULL,8795,"142","142","IN","9040244",18864
220,"2017-05-18 23:09:16","2017-05-18 23:09:16","images.jpg",NULL,1,NULL,8795,"142","142","IN","9040244",18864
221,"2017-05-18 23:09:18","2017-05-18 23:09:18","images.jpg",NULL,1,NULL,8796,"142","142","IN","9040242",18862
222,"2017-05-18 23:09:20","2017-05-18 23:09:20","images.jpg",NULL,1,NULL,8796,"142","142","IN","9040242",18862
223,"2017-05-18 23:09:22","2017-05-18 23:09:22","images.jpg",NULL,1,NULL,8796,"142","142","IN","9040242",18862
224,"2017-05-18 23:09:24","2017-05-18 23:09:24","images.jpg",NULL,1,NULL,8796,"142","142","IN","9040242",18862
225,"2017-05-18 23:09:26","2017-05-18 23:09:26","images.jpg",NULL,1,NULL,8797,"142","142","IN","9040173",18795
226,"2017-05-18 23:09:27","2017-05-18 23:09:27","images.jpg",NULL,1,NULL,8797,"142","142","IN","9040173",18795
227,"2017-05-18 23:09:29","2017-05-18 23:09:29","images.jpg",NULL,1,NULL,8797,"142","142","IN","9040173",18795
228,"2017-05-18 23:09:30","2017-05-18 23:09:30","images.jpg",NULL,1,NULL,8797,"142","142","IN","9040173",18795
229,"2017-05-18 23:09:32","2017-05-18 23:09:32","images.jpg",NULL,1,NULL,8798,"142","142","IN","1007771",33270
230,"2017-05-18 23:09:35","2017-05-18 23:09:35","images.jpg",NULL,1,NULL,8798,"142","142","IN","1007771",33270
231,"2017-05-18 23:09:36","2017-05-18 23:09:36","images.jpg",NULL,1,NULL,8798,"142","142","IN","1007771",33270
232,"2017-05-18 23:09:37","2017-05-18 23:09:37","images.jpg",NULL,1,NULL,8798,"142","142","IN","1007771",33270
233,"2017-05-18 23:09:40","2017-05-18 23:09:40","images.jpg",NULL,1,NULL,8799,"142","142","IN","9040220",18840
234,"2017-05-18 23:09:41","2017-05-18 23:09:41","images.jpg",NULL,1,NULL,8799,"142","142","IN","9040220",18840
235,"2017-05-18 23:09:43","2017-05-18 23:09:43","images.jpg",NULL,1,NULL,8799,"142","142","IN","9040220",18840
236,"2017-05-18 23:09:44","2017-05-18 23:09:44","images.jpg",NULL,1,NULL,8799,"142","142","IN","9040220",18840
237,"2017-05-18 23:09:46","2017-05-18 23:09:46","images.jpg",NULL,1,NULL,8800,"142","142","IN","9040227",18847
238,"2017-05-18 23:09:48","2017-05-18 23:09:48","images.jpg",NULL,1,NULL,8800,"142","142","IN","9040227",18847
239,"2017-05-18 23:09:49","2017-05-18 23:09:49","images.jpg",NULL,1,NULL,8800,"142","142","IN","9040227",18847
240,"2017-05-18 23:09:51","2017-05-18 23:09:51","images.jpg",NULL,1,NULL,8800,"142","142","IN","9040227",18847
241,"2017-05-18 23:09:53","2017-05-18 23:09:53","images.jpg",NULL,1,NULL,15947,"142","142","LK","9069431",25949
242,"2017-05-18 23:09:55","2017-05-18 23:09:55","images.jpg",NULL,1,NULL,15947,"142","142","LK","9069431",25949
243,"2017-05-18 23:09:56","2017-05-18 23:09:56","images.jpg",NULL,1,NULL,15947,"142","142","LK","9069431",25949
244,"2017-05-18 23:09:58","2017-05-18 23:09:58","images.jpg",NULL,1,NULL,15947,"142","142","LK","9069431",25949
245,"2017-05-18 23:10:00","2017-05-18 23:10:00","images.jpg",NULL,1,NULL,15948,"142","142","LK","9069428",25946
246,"2017-05-18 23:10:01","2017-05-18 23:10:01","images.jpg",NULL,1,NULL,15948,"142","142","LK","9069428",25946
247,"2017-05-18 23:10:03","2017-05-18 23:10:03","images.jpg",NULL,1,NULL,15948,"142","142","LK","9069428",25946
248,"2017-05-18 23:10:05","2017-05-18 23:10:05","images.jpg",NULL,1,NULL,15948,"142","142","LK","9069428",25946
249,"2017-05-18 23:10:07","2017-05-18 23:10:07","images.jpg",NULL,1,NULL,15949,"142","142","LK","1009920",27159
250,"2017-05-18 23:10:08","2017-05-18 23:10:08","images.jpg",NULL,1,NULL,15949,"142","142","LK","1009920",27159
251,"2017-05-18 23:10:10","2017-05-18 23:10:10","images.jpg",NULL,1,NULL,15949,"142","142","LK","1009920",27159
252,"2017-05-18 23:10:11","2017-05-18 23:10:11","images.jpg",NULL,1,NULL,15949,"142","142","LK","1009920",27159
253,"2017-05-18 23:10:14","2017-05-18 23:10:14","images.jpg",NULL,1,NULL,15950,"142","142","LK","9069432",25950
254,"2017-05-18 23:10:16","2017-05-18 23:10:16","images.jpg",NULL,1,NULL,15950,"142","142","LK","9069432",25950
255,"2017-05-18 23:10:17","2017-05-18 23:10:17","images.jpg",NULL,1,NULL,15950,"142","142","LK","9069432",25950
256,"2017-05-18 23:10:18","2017-05-18 23:10:18","images.jpg",NULL,1,NULL,15950,"142","142","LK","9069432",25950
257,"2017-05-18 23:10:20","2017-05-18 23:10:20","images.jpg",NULL,1,NULL,15951,"142","142","LK","9069437",25955
258,"2017-05-18 23:10:22","2017-05-18 23:10:22","images.jpg",NULL,1,NULL,15951,"142","142","LK","9069437",25955
259,"2017-05-18 23:10:24","2017-05-18 23:10:24","images.jpg",NULL,1,NULL,15951,"142","142","LK","9069437",25955
260,"2017-05-18 23:10:25","2017-05-18 23:10:25","images.jpg",NULL,1,NULL,15951,"142","142","LK","9069437",25955
261,"2017-05-18 23:10:28","2017-05-18 23:10:28","images.jpg",NULL,1,NULL,15952,"142","142","LK","9069429",25947
262,"2017-05-18 23:10:29","2017-05-18 23:10:29","images.jpg",NULL,1,NULL,15952,"142","142","LK","9069429",25947
263,"2017-05-18 23:10:30","2017-05-18 23:10:30","images.jpg",NULL,1,NULL,15952,"142","142","LK","9069429",25947
264,"2017-05-18 23:10:32","2017-05-18 23:10:32","images.jpg",NULL,1,NULL,15952,"142","142","LK","9069429",25947
265,"2017-05-18 23:10:34","2017-05-18 23:10:34","images.jpg",NULL,1,NULL,15953,"142","142","LK","9069427",25945
266,"2017-05-18 23:10:35","2017-05-18 23:10:35","images.jpg",NULL,1,NULL,15953,"142","142","LK","9069427",25945
267,"2017-05-18 23:10:37","2017-05-18 23:10:37","images.jpg",NULL,1,NULL,15953,"142","142","LK","9069427",25945
268,"2017-05-18 23:10:38","2017-05-18 23:10:38","images.jpg",NULL,1,NULL,15953,"142","142","LK","9069427",25945
269,"2017-05-18 23:10:40","2017-05-18 23:10:40","images.jpg",NULL,1,NULL,15954,"142","142","LK","1009921",27835
270,"2017-05-18 23:10:42","2017-05-18 23:10:42","images.jpg",NULL,1,NULL,15954,"142","142","LK","1009921",27835
271,"2017-05-18 23:10:44","2017-05-18 23:10:44","images.jpg",NULL,1,NULL,15954,"142","142","LK","1009921",27835
272,"2017-05-18 23:10:45","2017-05-18 23:10:45","images.jpg",NULL,1,NULL,15954,"142","142","LK","1009921",27835
273,"2017-05-18 23:10:47","2017-05-18 23:10:47","images.jpg",NULL,1,NULL,15955,"142","142","LK","1009919",26600
274,"2017-05-18 23:10:49","2017-05-18 23:10:49","images.jpg",NULL,1,NULL,15955,"142","142","LK","1009919",26600
275,"2017-05-18 23:10:52","2017-05-18 23:10:52","images.jpg",NULL,1,NULL,15955,"142","142","LK","1009919",26600
276,"2017-05-18 23:10:53","2017-05-18 23:10:53","images.jpg",NULL,1,NULL,15955,"142","142","LK","1009919",26600
277,"2017-05-18 23:10:55","2017-05-18 23:10:55","images.jpg",NULL,1,NULL,15956,"142","142","LK","9069442",25960
278,"2017-05-18 23:10:57","2017-05-18 23:10:57","images.jpg",NULL,1,NULL,15956,"142","142","LK","9069442",25960
279,"2017-05-18 23:10:58","2017-05-18 23:10:58","images.jpg",NULL,1,NULL,15956,"142","142","LK","9069442",25960
280,"2017-05-18 23:11:00","2017-05-18 23:11:00","images.jpg",NULL,1,NULL,15956,"142","142","LK","9069442",25960
281,"2017-05-18 23:11:02","2017-05-18 23:11:02","images.jpg",NULL,1,NULL,15957,"142","142","LK","1009923",29391
282,"2017-05-18 23:11:04","2017-05-18 23:11:04","images.jpg",NULL,1,NULL,15957,"142","142","LK","1009923",29391
283,"2017-05-18 23:11:06","2017-05-18 23:11:06","images.jpg",NULL,1,NULL,15957,"142","142","LK","1009923",29391
284,"2017-05-18 23:11:08","2017-05-18 23:11:08","images.jpg",NULL,1,NULL,15957,"142","142","LK","1009923",29391
285,"2017-05-18 23:11:10","2017-05-18 23:11:10","images.jpg",NULL,1,NULL,15958,"142","142","LK","9069434",25952
286,"2017-05-18 23:11:11","2017-05-18 23:11:11","images.jpg",NULL,1,NULL,15958,"142","142","LK","9069434",25952
287,"2017-05-18 23:11:14","2017-05-18 23:11:14","images.jpg",NULL,1,NULL,15958,"142","142","LK","9069434",25952
288,"2017-05-18 23:11:16","2017-05-18 23:11:16","images.jpg",NULL,1,NULL,15958,"142","142","LK","9069434",25952
289,"2017-05-18 23:11:18","2017-05-18 23:11:18","images.jpg",NULL,1,NULL,15959,"142","142","LK","9069430",25948
290,"2017-05-18 23:11:20","2017-05-18 23:11:20","images.jpg",NULL,1,NULL,15959,"142","142","LK","9069430",25948
291,"2017-05-18 23:11:21","2017-05-18 23:11:21","images.jpg",NULL,1,NULL,15959,"142","142","LK","9069430",25948
292,"2017-05-18 23:11:23","2017-05-18 23:11:23","images.jpg",NULL,1,NULL,15959,"142","142","LK","9069430",25948
293,"2017-05-18 23:11:25","2017-05-18 23:11:25","images.jpg",NULL,1,NULL,15960,"142","142","LK","9069438",25956
294,"2017-05-18 23:11:27","2017-05-18 23:11:27","images.jpg",NULL,1,NULL,15960,"142","142","LK","9069438",25956
295,"2017-05-18 23:11:28","2017-05-18 23:11:28","images.jpg",NULL,1,NULL,15960,"142","142","LK","9069438",25956
296,"2017-05-18 23:11:30","2017-05-18 23:11:30","images.jpg",NULL,1,NULL,15960,"142","142","LK","9069438",25956
297,"2017-05-18 23:11:32","2017-05-18 23:11:32","images.jpg",NULL,1,NULL,15961,"142","142","LK","9069436",25954
298,"2017-05-18 23:11:34","2017-05-18 23:11:34","images.jpg",NULL,1,NULL,15961,"142","142","LK","9069436",25954
299,"2017-05-18 23:11:35","2017-05-18 23:11:35","images.jpg",NULL,1,NULL,15961,"142","142","LK","9069436",25954
300,"2017-05-18 23:11:36","2017-05-18 23:11:36","images.jpg",NULL,1,NULL,15961,"142","142","LK","9069436",25954
301,"2017-05-18 23:11:38","2017-05-18 23:11:38","images.jpg",NULL,1,NULL,15962,"142","142","LK","9069440",25958
302,"2017-05-18 23:11:40","2017-05-18 23:11:40","images.jpg",NULL,1,NULL,15962,"142","142","LK","9069440",25958
303,"2017-05-18 23:11:41","2017-05-18 23:11:41","images.jpg",NULL,1,NULL,15962,"142","142","LK","9069440",25958
304,"2017-05-18 23:11:43","2017-05-18 23:11:43","images.jpg",NULL,1,NULL,15962,"142","142","LK","9069440",25958
305,"2017-05-18 23:11:45","2017-05-18 23:11:45","images.jpg",NULL,1,NULL,15963,"142","142","LK","9069433",25951
306,"2017-05-18 23:11:47","2017-05-18 23:11:47","images.jpg",NULL,1,NULL,15963,"142","142","LK","9069433",25951
307,"2017-05-18 23:11:48","2017-05-18 23:11:48","images.jpg",NULL,1,NULL,15963,"142","142","LK","9069433",25951
308,"2017-05-18 23:11:50","2017-05-18 23:11:50","images.jpg",NULL,1,NULL,15963,"142","142","LK","9069433",25951
309,"2017-05-18 23:11:52","2017-05-18 23:11:52","images.jpg",NULL,1,NULL,15964,"142","142","LK","9069439",25957
310,"2017-05-18 23:11:54","2017-05-18 23:11:54","images.jpg",NULL,1,NULL,15964,"142","142","LK","9069439",25957
311,"2017-05-18 23:11:56","2017-05-18 23:11:56","images.jpg",NULL,1,NULL,15964,"142","142","LK","9069439",25957
312,"2017-05-18 23:11:57","2017-05-18 23:11:57","images.jpg",NULL,1,NULL,15964,"142","142","LK","9069439",25957
313,"2017-05-18 23:12:00","2017-05-18 23:12:00","images.jpg",NULL,1,NULL,15965,"142","142","LK","1009922",28405
314,"2017-05-18 23:12:01","2017-05-18 23:12:01","images.jpg",NULL,1,NULL,15965,"142","142","LK","1009922",28405
315,"2017-05-18 23:12:03","2017-05-18 23:12:03","images.jpg",NULL,1,NULL,15965,"142","142","LK","1009922",28405
316,"2017-05-18 23:12:04","2017-05-18 23:12:04","images.jpg",NULL,1,NULL,15965,"142","142","LK","1009922",28405
317,"2017-05-18 23:12:07","2017-05-18 23:12:07","images.jpg",NULL,1,NULL,15966,"142","142","LK","9069443",25961
318,"2017-05-18 23:12:08","2017-05-18 23:12:08","images.jpg",NULL,1,NULL,15966,"142","142","LK","9069443",25961
319,"2017-05-18 23:12:10","2017-05-18 23:12:10","images.jpg",NULL,1,NULL,15966,"142","142","LK","9069443",25961
320,"2017-05-18 23:12:11","2017-05-18 23:12:11","images.jpg",NULL,1,NULL,15966,"142","142","LK","9069443",25961
321,"2017-05-18 23:12:14","2017-05-18 23:12:14","images.jpg",NULL,1,NULL,8995,"142","142","ID","1007726",28826
322,"2017-05-18 23:12:15","2017-05-18 23:12:15","images.jpg",NULL,1,NULL,8995,"142","142","ID","1007726",28826
323,"2017-05-18 23:12:17","2017-05-18 23:12:17","images.jpg",NULL,1,NULL,8995,"142","142","ID","1007726",28826
324,"2017-05-18 23:12:18","2017-05-18 23:12:18","images.jpg",NULL,1,NULL,8995,"142","142","ID","1007726",28826
325,"2017-05-18 23:12:21","2017-05-18 23:12:21","images.jpg",NULL,1,NULL,8996,"142","142","ID","9056667",24974
326,"2017-05-18 23:12:22","2017-05-18 23:12:22","images.jpg",NULL,1,NULL,8996,"142","142","ID","9056667",24974
327,"2017-05-18 23:12:24","2017-05-18 23:12:24","images.jpg",NULL,1,NULL,8996,"142","142","ID","9056667",24974
328,"2017-05-18 23:12:25","2017-05-18 23:12:25","images.jpg",NULL,1,NULL,8996,"142","142","ID","9056667",24974
329,"2017-05-18 23:12:28","2017-05-18 23:12:28","images.jpg",NULL,1,NULL,8997,"142","142","ID","1007702",29195
330,"2017-05-18 23:12:29","2017-05-18 23:12:29","images.jpg",NULL,1,NULL,8997,"142","142","ID","1007702",29195
331,"2017-05-18 23:12:31","2017-05-18 23:12:31","images.jpg",NULL,1,NULL,8997,"142","142","ID","1007702",29195
332,"2017-05-18 23:12:32","2017-05-18 23:12:32","images.jpg",NULL,1,NULL,8997,"142","142","ID","1007702",29195
333,"2017-05-18 23:12:35","2017-05-18 23:12:35","images.jpg",NULL,1,NULL,8998,"142","142","ID","1007710",27006
334,"2017-05-18 23:12:36","2017-05-18 23:12:36","images.jpg",NULL,1,NULL,8998,"142","142","ID","1007710",27006
335,"2017-05-18 23:12:38","2017-05-18 23:12:38","images.jpg",NULL,1,NULL,8998,"142","142","ID","1007710",27006
336,"2017-05-18 23:12:39","2017-05-18 23:12:39","images.jpg",NULL,1,NULL,8998,"142","142","ID","1007710",27006
337,"2017-05-18 23:12:41","2017-05-18 23:12:41","images.jpg",NULL,1,NULL,8999,"142","142","ID","1007720",30369
338,"2017-05-18 23:12:43","2017-05-18 23:12:43","images.jpg",NULL,1,NULL,8999,"142","142","ID","1007720",30369
339,"2017-05-18 23:12:45","2017-05-18 23:12:45","images.jpg",NULL,1,NULL,8999,"142","142","ID","1007720",30369
340,"2017-05-18 23:12:47","2017-05-18 23:12:47","images.jpg",NULL,1,NULL,8999,"142","142","ID","1007720",30369
341,"2017-05-18 23:12:49","2017-05-18 23:12:49","images.jpg",NULL,1,NULL,9000,"142","142","ID","9056703",25010
342,"2017-05-18 23:12:50","2017-05-18 23:12:50","images.jpg",NULL,1,NULL,9000,"142","142","ID","9056703",25010
343,"2017-05-18 23:12:52","2017-05-18 23:12:52","images.jpg",NULL,1,NULL,9000,"142","142","ID","9056703",25010
344,"2017-05-18 23:12:54","2017-05-18 23:12:54","images.jpg",NULL,1,NULL,9000,"142","142","ID","9056703",25010
345,"2017-05-18 23:12:56","2017-05-18 23:12:56","images.jpg",NULL,1,NULL,9001,"142","142","ID","9056704",25011
346,"2017-05-18 23:12:58","2017-05-18 23:12:58","images.jpg",NULL,1,NULL,9001,"142","142","ID","9056704",25011
347,"2017-05-18 23:13:00","2017-05-18 23:13:00","images.jpg",NULL,1,NULL,9001,"142","142","ID","9056704",25011
348,"2017-05-18 23:13:02","2017-05-18 23:13:02","images.jpg",NULL,1,NULL,9001,"142","142","ID","9056704",25011
349,"2017-05-18 23:13:04","2017-05-18 23:13:04","images.jpg",NULL,1,NULL,9002,"142","142","ID","9056662",24969
350,"2017-05-18 23:13:06","2017-05-18 23:13:06","images.jpg",NULL,1,NULL,9002,"142","142","ID","9056662",24969
351,"2017-05-18 23:13:07","2017-05-18 23:13:07","images.jpg",NULL,1,NULL,9002,"142","142","ID","9056662",24969
352,"2017-05-18 23:13:09","2017-05-18 23:13:09","images.jpg",NULL,1,NULL,9002,"142","142","ID","9056662",24969
353,"2017-05-18 23:13:11","2017-05-18 23:13:11","images.jpg",NULL,1,NULL,9003,"142","142","ID","9056698",25005
354,"2017-05-18 23:13:12","2017-05-18 23:13:12","images.jpg",NULL,1,NULL,9003,"142","142","ID","9056698",25005
355,"2017-05-18 23:13:14","2017-05-18 23:13:14","images.jpg",NULL,1,NULL,9003,"142","142","ID","9056698",25005
356,"2017-05-18 23:13:16","2017-05-18 23:13:16","images.jpg",NULL,1,NULL,9003,"142","142","ID","9056698",25005
357,"2017-05-18 23:13:18","2017-05-18 23:13:18","images.jpg",NULL,1,NULL,9004,"142","142","ID","1007719",31003
358,"2017-05-18 23:13:20","2017-05-18 23:13:20","images.jpg",NULL,1,NULL,9004,"142","142","ID","1007719",31003
359,"2017-05-18 23:13:21","2017-05-18 23:13:21","images.jpg",NULL,1,NULL,9004,"142","142","ID","1007719",31003
360,"2017-05-18 23:13:23","2017-05-18 23:13:23","images.jpg",NULL,1,NULL,9004,"142","142","ID","1007719",31003
361,"2017-05-18 23:13:25","2017-05-18 23:13:25","images.jpg",NULL,1,NULL,9005,"142","142","ID","9056669",24976
362,"2017-05-18 23:13:27","2017-05-18 23:13:27","images.jpg",NULL,1,NULL,9005,"142","142","ID","9056669",24976
363,"2017-05-18 23:13:29","2017-05-18 23:13:29","images.jpg",NULL,1,NULL,9005,"142","142","ID","9056669",24976
364,"2017-05-18 23:13:31","2017-05-18 23:13:31","images.jpg",NULL,1,NULL,9005,"142","142","ID","9056669",24976
365,"2017-05-18 23:13:33","2017-05-18 23:13:33","images.jpg",NULL,1,NULL,9006,"142","142","ID","9056665",24972
366,"2017-05-18 23:13:35","2017-05-18 23:13:35","images.jpg",NULL,1,NULL,9006,"142","142","ID","9056665",24972
367,"2017-05-18 23:13:36","2017-05-18 23:13:36","images.jpg",NULL,1,NULL,9006,"142","142","ID","9056665",24972
368,"2017-05-18 23:13:37","2017-05-18 23:13:37","images.jpg",NULL,1,NULL,9006,"142","142","ID","9056665",24972
369,"2017-05-18 23:13:40","2017-05-18 23:13:40","images.jpg",NULL,1,NULL,9007,"142","142","ID","9056696",25003
370,"2017-05-18 23:13:41","2017-05-18 23:13:41","images.jpg",NULL,1,NULL,9007,"142","142","ID","9056696",25003
371,"2017-05-18 23:13:44","2017-05-18 23:13:44","images.jpg",NULL,1,NULL,9007,"142","142","ID","9056696",25003
372,"2017-05-18 23:13:46","2017-05-18 23:13:46","images.jpg",NULL,1,NULL,9007,"142","142","ID","9056696",25003
373,"2017-05-18 23:13:48","2017-05-18 23:13:48","images.jpg",NULL,1,NULL,9008,"142","142","ID","9056697",25004
374,"2017-05-18 23:13:49","2017-05-18 23:13:49","images.jpg",NULL,1,NULL,9008,"142","142","ID","9056697",25004
375,"2017-05-18 23:13:51","2017-05-18 23:13:51","images.jpg",NULL,1,NULL,9008,"142","142","ID","9056697",25004
376,"2017-05-18 23:13:52","2017-05-18 23:13:52","images.jpg",NULL,1,NULL,9008,"142","142","ID","9056697",25004
377,"2017-05-18 23:13:54","2017-05-18 23:13:54","images.jpg",NULL,1,NULL,9009,"142","142","ID","9056664",24971
378,"2017-05-18 23:13:56","2017-05-18 23:13:56","images.jpg",NULL,1,NULL,9009,"142","142","ID","9056664",24971
379,"2017-05-18 23:13:57","2017-05-18 23:13:57","images.jpg",NULL,1,NULL,9009,"142","142","ID","9056664",24971
380,"2017-05-18 23:14:00","2017-05-18 23:14:00","images.jpg",NULL,1,NULL,9009,"142","142","ID","9056664",24971
381,"2017-05-18 23:14:02","2017-05-18 23:14:02","images.jpg",NULL,1,NULL,9010,"142","142","ID","1007718",31623
382,"2017-05-18 23:14:04","2017-05-18 23:14:04","images.jpg",NULL,1,NULL,9010,"142","142","ID","1007718",31623
383,"2017-05-18 23:14:05","2017-05-18 23:14:05","images.jpg",NULL,1,NULL,9010,"142","142","ID","1007718",31623
384,"2017-05-18 23:14:06","2017-05-18 23:14:06","images.jpg",NULL,1,NULL,9010,"142","142","ID","1007718",31623
385,"2017-05-18 23:14:09","2017-05-18 23:14:09","images.jpg",NULL,1,NULL,9011,"142","142","ID","1007699",31067
386,"2017-05-18 23:14:10","2017-05-18 23:14:10","images.jpg",NULL,1,NULL,9011,"142","142","ID","1007699",31067
387,"2017-05-18 23:14:12","2017-05-18 23:14:12","images.jpg",NULL,1,NULL,9011,"142","142","ID","1007699",31067
388,"2017-05-18 23:14:13","2017-05-18 23:14:13","images.jpg",NULL,1,NULL,9011,"142","142","ID","1007699",31067
389,"2017-05-18 23:14:16","2017-05-18 23:14:16","images.jpg",NULL,1,NULL,9012,"142","142","ID","9056693",25000
390,"2017-05-18 23:14:18","2017-05-18 23:14:18","images.jpg",NULL,1,NULL,9012,"142","142","ID","9056693",25000
391,"2017-05-18 23:14:20","2017-05-18 23:14:20","images.jpg",NULL,1,NULL,9012,"142","142","ID","9056693",25000
392,"2017-05-18 23:14:21","2017-05-18 23:14:21","images.jpg",NULL,1,NULL,9012,"142","142","ID","9056693",25000
393,"2017-05-18 23:14:24","2017-05-18 23:14:24","images.jpg",NULL,1,NULL,9013,"142","142","ID","1007721",30044
394,"2017-05-18 23:14:26","2017-05-18 23:14:26","images.jpg",NULL,1,NULL,9013,"142","142","ID","1007721",30044
395,"2017-05-18 23:14:27","2017-05-18 23:14:27","images.jpg",NULL,1,NULL,9013,"142","142","ID","1007721",30044
396,"2017-05-18 23:14:29","2017-05-18 23:14:29","images.jpg",NULL,1,NULL,9013,"142","142","ID","1007721",30044
397,"2017-05-18 23:14:32","2017-05-18 23:14:32","images.jpg",NULL,1,NULL,9014,"142","142","ID","9056659",24966
398,"2017-05-18 23:14:33","2017-05-18 23:14:33","images.jpg",NULL,1,NULL,9014,"142","142","ID","9056659",24966
399,"2017-05-18 23:14:35","2017-05-18 23:14:35","images.jpg",NULL,1,NULL,9014,"142","142","ID","9056659",24966
400,"2017-05-18 23:14:37","2017-05-18 23:14:37","images.jpg",NULL,1,NULL,9014,"142","142","ID","9056659",24966
401,"2017-05-18 23:14:39","2017-05-18 23:14:39","images.jpg",NULL,1,NULL,2384,"142","142","KH","1009829",35197
402,"2017-05-18 23:14:41","2017-05-18 23:14:41","images.jpg",NULL,1,NULL,2384,"142","142","KH","1009829",35197
403,"2017-05-18 23:14:42","2017-05-18 23:14:42","images.jpg",NULL,1,NULL,2384,"142","142","KH","1009829",35197
404,"2017-05-18 23:14:44","2017-05-18 23:14:44","images.jpg",NULL,1,NULL,2384,"142","142","KH","1009829",35197
405,"2017-05-18 23:14:46","2017-05-18 23:14:46","images.jpg",NULL,1,NULL,16950,"142","142","TH","1012753",768
406,"2017-05-18 23:14:48","2017-05-18 23:14:48","images.jpg",NULL,1,NULL,16950,"142","142","TH","1012753",768
407,"2017-05-18 23:14:50","2017-05-18 23:14:50","images.jpg",NULL,1,NULL,16950,"142","142","TH","1012753",768
408,"2017-05-18 23:14:51","2017-05-18 23:14:51","images.jpg",NULL,1,NULL,16950,"142","142","TH","1012753",768
409,"2017-05-18 23:14:53","2017-05-18 23:14:53","images.jpg",NULL,1,NULL,16951,"142","142","TH","1012728",766
410,"2017-05-18 23:14:55","2017-05-18 23:14:55","images.jpg",NULL,1,NULL,16951,"142","142","TH","1012728",766
411,"2017-05-18 23:14:57","2017-05-18 23:14:57","images.jpg",NULL,1,NULL,16951,"142","142","TH","1012728",766
412,"2017-05-18 23:14:59","2017-05-18 23:14:59","images.jpg",NULL,1,NULL,16951,"142","142","TH","1012728",766
413,"2017-05-18 23:15:01","2017-05-18 23:15:01","images.jpg",NULL,1,NULL,16952,"142","142","TH","1012729",767
414,"2017-05-18 23:15:02","2017-05-18 23:15:02","images.jpg",NULL,1,NULL,16952,"142","142","TH","1012729",767
415,"2017-05-18 23:15:04","2017-05-18 23:15:04","images.jpg",NULL,1,NULL,16952,"142","142","TH","1012729",767
416,"2017-05-18 23:15:06","2017-05-18 23:15:06","images.jpg",NULL,1,NULL,16952,"142","142","TH","1012729",767
417,"2017-05-18 23:15:08","2017-05-18 23:15:08","images.jpg",NULL,1,NULL,13923,"142","142","PH","1011181",26105
418,"2017-05-18 23:15:10","2017-05-18 23:15:10","images.jpg",NULL,1,NULL,13923,"142","142","PH","1011181",26105
419,"2017-05-18 23:15:11","2017-05-18 23:15:11","images.jpg",NULL,1,NULL,13923,"142","142","PH","1011181",26105
420,"2017-05-18 23:15:12","2017-05-18 23:15:12","images.jpg",NULL,1,NULL,13923,"142","142","PH","1011181",26105
421,"2017-05-18 23:15:14","2017-05-18 23:15:14","images.jpg",NULL,1,NULL,13924,"142","142","PH","1011157",34418
422,"2017-05-18 23:15:16","2017-05-18 23:15:16","images.jpg",NULL,1,NULL,13924,"142","142","PH","1011157",34418
423,"2017-05-18 23:15:18","2017-05-18 23:15:18","images.jpg",NULL,1,NULL,13924,"142","142","PH","1011157",34418
424,"2017-05-18 23:15:19","2017-05-18 23:15:19","images.jpg",NULL,1,NULL,13924,"142","142","PH","1011157",34418
425,"2017-05-18 23:15:22","2017-05-18 23:15:22","images.jpg",NULL,1,NULL,13925,"142","142","PH","1011158",26833
426,"2017-05-18 23:15:23","2017-05-18 23:15:23","images.jpg",NULL,1,NULL,13925,"142","142","PH","1011158",26833
427,"2017-05-18 23:15:25","2017-05-18 23:15:25","images.jpg",NULL,1,NULL,13925,"142","142","PH","1011158",26833
428,"2017-05-18 23:15:26","2017-05-18 23:15:26","images.jpg",NULL,1,NULL,13925,"142","142","PH","1011158",26833
429,"2017-05-18 23:15:28","2017-05-18 23:15:28","images.jpg",NULL,1,NULL,13926,"142","142","PH","9060946",25212
430,"2017-05-18 23:15:30","2017-05-18 23:15:30","images.jpg",NULL,1,NULL,13926,"142","142","PH","9060946",25212
431,"2017-05-18 23:15:32","2017-05-18 23:15:32","images.jpg",NULL,1,NULL,13926,"142","142","PH","9060946",25212
432,"2017-05-18 23:15:33","2017-05-18 23:15:33","images.jpg",NULL,1,NULL,13926,"142","142","PH","9060946",25212
433,"2017-05-18 23:15:35","2017-05-18 23:15:35","images.jpg",NULL,1,NULL,13927,"142","142","PH","1011167",33921
434,"2017-05-18 23:15:37","2017-05-18 23:15:37","images.jpg",NULL,1,NULL,13927,"142","142","PH","1011167",33921
435,"2017-05-18 23:15:39","2017-05-18 23:15:39","images.jpg",NULL,1,NULL,13927,"142","142","PH","1011167",33921
436,"2017-05-18 23:15:41","2017-05-18 23:15:41","images.jpg",NULL,1,NULL,13927,"142","142","PH","1011167",33921
437,"2017-05-18 23:15:43","2017-05-18 23:15:43","images.jpg",NULL,1,NULL,13928,"142","142","PH","9060953",25219
438,"2017-05-18 23:15:45","2017-05-18 23:15:45","images.jpg",NULL,1,NULL,13928,"142","142","PH","9060953",25219
439,"2017-05-18 23:15:46","2017-05-18 23:15:46","images.jpg",NULL,1,NULL,13928,"142","142","PH","9060953",25219
440,"2017-05-18 23:15:48","2017-05-18 23:15:48","images.jpg",NULL,1,NULL,13928,"142","142","PH","9060953",25219
441,"2017-05-18 23:15:50","2017-05-18 23:15:50","images.jpg",NULL,1,NULL,13929,"142","142","PH","1011155",33309
442,"2017-05-18 23:15:52","2017-05-18 23:15:52","images.jpg",NULL,1,NULL,13929,"142","142","PH","1011155",33309
443,"2017-05-18 23:15:53","2017-05-18 23:15:53","images.jpg",NULL,1,NULL,13929,"142","142","PH","1011155",33309
444,"2017-05-18 23:15:55","2017-05-18 23:15:55","images.jpg",NULL,1,NULL,13929,"142","142","PH","1011155",33309
445,"2017-05-18 23:15:57","2017-05-18 23:15:57","images.jpg",NULL,1,NULL,13930,"142","142","PH","1011150",28493
446,"2017-05-18 23:15:59","2017-05-18 23:15:59","images.jpg",NULL,1,NULL,13930,"142","142","PH","1011150",28493
447,"2017-05-18 23:16:01","2017-05-18 23:16:01","images.jpg",NULL,1,NULL,13930,"142","142","PH","1011150",28493
448,"2017-05-18 23:16:03","2017-05-18 23:16:03","images.jpg",NULL,1,NULL,13930,"142","142","PH","1011150",28493
449,"2017-05-18 23:16:06","2017-05-18 23:16:06","images.jpg",NULL,1,NULL,13931,"142","142","PH","1011178",32741
450,"2017-05-18 23:16:07","2017-05-18 23:16:07","images.jpg",NULL,1,NULL,13931,"142","142","PH","1011178",32741
451,"2017-05-18 23:16:09","2017-05-18 23:16:09","images.jpg",NULL,1,NULL,13931,"142","142","PH","1011178",32741
452,"2017-05-18 23:16:10","2017-05-18 23:16:10","images.jpg",NULL,1,NULL,13931,"142","142","PH","1011178",32741
453,"2017-05-18 23:16:13","2017-05-18 23:16:13","images.jpg",NULL,1,NULL,13932,"142","142","PH","9060944",25210
454,"2017-05-18 23:16:15","2017-05-18 23:16:15","images.jpg",NULL,1,NULL,13932,"142","142","PH","9060944",25210
455,"2017-05-18 23:16:16","2017-05-18 23:16:16","images.jpg",NULL,1,NULL,13932,"142","142","PH","9060944",25210
456,"2017-05-18 23:16:18","2017-05-18 23:16:18","images.jpg",NULL,1,NULL,13932,"142","142","PH","9060944",25210
457,"2017-05-18 23:16:20","2017-05-18 23:16:20","images.jpg",NULL,1,NULL,13933,"142","142","PH","9060949",25215
458,"2017-05-18 23:16:21","2017-05-18 23:16:21","images.jpg",NULL,1,NULL,13933,"142","142","PH","9060949",25215
459,"2017-05-18 23:16:24","2017-05-18 23:16:24","images.jpg",NULL,1,NULL,13933,"142","142","PH","9060949",25215
460,"2017-05-18 23:16:26","2017-05-18 23:16:26","images.jpg",NULL,1,NULL,13933,"142","142","PH","9060949",25215
461,"2017-05-18 23:16:28","2017-05-18 23:16:28","images.jpg",NULL,1,NULL,13934,"142","142","PH","1011160",27905
462,"2017-05-18 23:16:30","2017-05-18 23:16:30","images.jpg",NULL,1,NULL,13934,"142","142","PH","1011160",27905
463,"2017-05-18 23:16:31","2017-05-18 23:16:31","images.jpg",NULL,1,NULL,13934,"142","142","PH","1011160",27905
464,"2017-05-18 23:16:33","2017-05-18 23:16:33","images.jpg",NULL,1,NULL,13934,"142","142","PH","1011160",27905
465,"2017-05-18 23:16:35","2017-05-18 23:16:35","images.jpg",NULL,1,NULL,13935,"142","142","PH","9060948",25214
466,"2017-05-18 23:16:37","2017-05-18 23:16:37","images.jpg",NULL,1,NULL,13935,"142","142","PH","9060948",25214
467,"2017-05-18 23:16:38","2017-05-18 23:16:38","images.jpg",NULL,1,NULL,13935,"142","142","PH","9060948",25214
468,"2017-05-18 23:16:40","2017-05-18 23:16:40","images.jpg",NULL,1,NULL,13935,"142","142","PH","9060948",25214
469,"2017-05-18 23:16:43","2017-05-18 23:16:43","images.jpg",NULL,1,NULL,13936,"142","142","PH","9060957",25223
470,"2017-05-18 23:16:44","2017-05-18 23:16:44","images.jpg",NULL,1,NULL,13936,"142","142","PH","9060957",25223
471,"2017-05-18 23:16:46","2017-05-18 23:16:46","images.jpg",NULL,1,NULL,13936,"142","142","PH","9060957",25223
472,"2017-05-18 23:16:47","2017-05-18 23:16:47","images.jpg",NULL,1,NULL,13936,"142","142","PH","9060957",25223
473,"2017-05-18 23:16:49","2017-05-18 23:16:49","images.jpg",NULL,1,NULL,13937,"142","142","PH","1011170",34398
474,"2017-05-18 23:16:51","2017-05-18 23:16:51","images.jpg",NULL,1,NULL,13937,"142","142","PH","1011170",34398
475,"2017-05-18 23:16:53","2017-05-18 23:16:53","images.jpg",NULL,1,NULL,13937,"142","142","PH","1011170",34398
476,"2017-05-18 23:16:54","2017-05-18 23:16:54","images.jpg",NULL,1,NULL,13937,"142","142","PH","1011170",34398
477,"2017-05-18 23:16:56","2017-05-18 23:16:56","images.jpg",NULL,1,NULL,13938,"142","142","PH","9060947",25213
478,"2017-05-18 23:16:59","2017-05-18 23:16:59","images.jpg",NULL,1,NULL,13938,"142","142","PH","9060947",25213
479,"2017-05-18 23:17:00","2017-05-18 23:17:00","images.jpg",NULL,1,NULL,13938,"142","142","PH","9060947",25213
480,"2017-05-18 23:17:02","2017-05-18 23:17:02","images.jpg",NULL,1,NULL,13938,"142","142","PH","9060947",25213
481,"2017-05-18 23:17:04","2017-05-18 23:17:04","images.jpg",NULL,1,NULL,13939,"142","142","PH","1011185",29485
482,"2017-05-18 23:17:06","2017-05-18 23:17:06","images.jpg",NULL,1,NULL,13939,"142","142","PH","1011185",29485
483,"2017-05-18 23:17:08","2017-05-18 23:17:08","images.jpg",NULL,1,NULL,13939,"142","142","PH","1011185",29485
484,"2017-05-18 23:17:09","2017-05-18 23:17:09","images.jpg",NULL,1,NULL,13939,"142","142","PH","1011185",29485
485,"2017-05-18 23:17:11","2017-05-18 23:17:11","images.jpg",NULL,1,NULL,13940,"142","142","PH","9060954",25220
486,"2017-05-18 23:17:13","2017-05-18 23:17:13","images.jpg",NULL,1,NULL,13940,"142","142","PH","9060954",25220
487,"2017-05-18 23:17:15","2017-05-18 23:17:15","images.jpg",NULL,1,NULL,13940,"142","142","PH","9060954",25220
488,"2017-05-18 23:17:17","2017-05-18 23:17:17","images.jpg",NULL,1,NULL,13940,"142","142","PH","9060954",25220
489,"2017-05-18 23:17:19","2017-05-18 23:17:19","images.jpg",NULL,1,NULL,13941,"142","142","PH","9060950",25216
490,"2017-05-18 23:17:21","2017-05-18 23:17:21","images.jpg",NULL,1,NULL,13941,"142","142","PH","9060950",25216
491,"2017-05-18 23:17:22","2017-05-18 23:17:22","images.jpg",NULL,1,NULL,13941,"142","142","PH","9060950",25216
492,"2017-05-18 23:17:24","2017-05-18 23:17:24","images.jpg",NULL,1,NULL,13941,"142","142","PH","9060950",25216
493,"2017-05-18 23:17:26","2017-05-18 23:17:26","images.jpg",NULL,1,NULL,13942,"142","142","PH","1011184",28945
494,"2017-05-18 23:17:27","2017-05-18 23:17:27","images.jpg",NULL,1,NULL,13942,"142","142","PH","1011184",28945
495,"2017-05-18 23:17:29","2017-05-18 23:17:29","images.jpg",NULL,1,NULL,13942,"142","142","PH","1011184",28945
496,"2017-05-18 23:17:30","2017-05-18 23:17:30","images.jpg",NULL,1,NULL,13942,"142","142","PH","1011184",28945
497,"2017-05-18 23:17:33","2017-05-18 23:17:33","images.jpg",NULL,1,NULL,34911,"142","142","UZ","1028523",15454
498,"2017-05-18 23:17:34","2017-05-18 23:17:34","images.jpg",NULL,1,NULL,34911,"142","142","UZ","1028523",15454
499,"2017-05-18 23:17:36","2017-05-18 23:17:36","images.jpg",NULL,1,NULL,34911,"142","142","UZ","1028523",15454
500,"2017-05-18 23:17:37","2017-05-18 23:17:37","images.jpg",NULL,1,NULL,34911,"142","142","UZ","1028523",15454
501,"2017-05-18 23:17:40","2017-05-18 23:17:40","images.jpg",NULL,1,NULL,16957,"142","142","TR","9056732",25039
502,"2017-05-18 23:17:41","2017-05-18 23:17:41","images.jpg",NULL,1,NULL,16957,"142","142","TR","9056732",25039
503,"2017-05-18 23:17:43","2017-05-18 23:17:43","images.jpg",NULL,1,NULL,16957,"142","142","TR","9056732",25039
504,"2017-05-18 23:17:45","2017-05-18 23:17:45","images.jpg",NULL,1,NULL,16957,"142","142","TR","9056732",25039
505,"2017-05-18 23:17:48","2017-05-18 23:17:48","images.jpg",NULL,1,NULL,16958,"142","142","TR","9056728",25035
506,"2017-05-18 23:17:50","2017-05-18 23:17:50","images.jpg",NULL,1,NULL,16958,"142","142","TR","9056728",25035
507,"2017-05-18 23:17:52","2017-05-18 23:17:52","images.jpg",NULL,1,NULL,16958,"142","142","TR","9056728",25035
508,"2017-05-18 23:17:54","2017-05-18 23:17:54","images.jpg",NULL,1,NULL,16958,"142","142","TR","9056728",25035
509,"2017-05-18 23:17:57","2017-05-18 23:17:57","images.jpg",NULL,1,NULL,16959,"142","142","TR","9056729",25036
510,"2017-05-18 23:17:58","2017-05-18 23:17:58","images.jpg",NULL,1,NULL,16959,"142","142","TR","9056729",25036
512,"2017-05-18 23:18:02","2017-05-18 23:18:02","images.jpg",NULL,1,NULL,16959,"142","142","TR","9056729",25036
513,"2017-05-18 23:18:04","2017-05-18 23:18:04","images.jpg",NULL,1,NULL,16960,"142","142","TR","9056727",25034
514,"2017-05-18 23:18:06","2017-05-18 23:18:06","images.jpg",NULL,1,NULL,16960,"142","142","TR","9056727",25034
515,"2017-05-18 23:18:08","2017-05-18 23:18:08","images.jpg",NULL,1,NULL,16960,"142","142","TR","9056727",25034
516,"2017-05-18 23:18:09","2017-05-18 23:18:09","images.jpg",NULL,1,NULL,16960,"142","142","TR","9056727",25034
517,"2017-05-18 23:18:11","2017-05-18 23:18:11","images.jpg",NULL,1,NULL,16961,"142","142","TR","9056730",25037
518,"2017-05-18 23:18:13","2017-05-18 23:18:13","images.jpg",NULL,1,NULL,16961,"142","142","TR","9056730",25037
519,"2017-05-18 23:18:14","2017-05-18 23:18:14","images.jpg",NULL,1,NULL,16961,"142","142","TR","9056730",25037
520,"2017-05-18 23:18:16","2017-05-18 23:18:16","images.jpg",NULL,1,NULL,16961,"142","142","TR","9056730",25037
521,"2017-05-18 23:18:18","2017-05-18 23:18:18","images.jpg",NULL,1,NULL,16962,"142","142","TR","9056808",25115
522,"2017-05-18 23:18:19","2017-05-18 23:18:19","images.jpg",NULL,1,NULL,16962,"142","142","TR","9056808",25115
523,"2017-05-18 23:18:21","2017-05-18 23:18:21","images.jpg",NULL,1,NULL,16962,"142","142","TR","9056808",25115
524,"2017-05-18 23:18:22","2017-05-18 23:18:22","images.jpg",NULL,1,NULL,16962,"142","142","TR","9056808",25115
525,"2017-05-18 23:18:24","2017-05-18 23:18:24","images.jpg",NULL,1,NULL,16963,"142","142","TR","1012770",783
526,"2017-05-18 23:18:26","2017-05-18 23:18:26","images.jpg",NULL,1,NULL,16963,"142","142","TR","1012770",783
